Questions,Category
"What are the best exercises for building muscle?",muscle_building
"How much protein do I need daily to build muscle?",muscle_building
"Can I build muscle with bodyweight exercises?",muscle_building
"What’s the best workout split for muscle growth?",muscle_building
"How often should I train each muscle group?",muscle_building
"Is it better to lift heavy weights or do more reps for muscle building?",muscle_building
"What are the best foods to eat for gaining muscle?",muscle_building
"How important is sleep for muscle recovery?",muscle_building
"Can I build muscle while staying in a calorie deficit?",muscle_building
"What’s the role of supplements in muscle building?",muscle_building
"Does cardio affect muscle growth?",muscle_building
"How do I prevent muscle soreness after workouts?",muscle_building
"Can I build muscle with high-intensity interval training (HIIT)?",muscle_building
"Should I eat before or after a workout to build muscle?",muscle_building
"What’s the best post-workout meal for muscle recovery?",muscle_building
"How long does it take to see noticeable muscle growth?",muscle_building
"Is creatine effective for building muscle?",muscle_building
"Can I build muscle while following a vegetarian diet?",muscle_building
"How does progressive overload help with muscle growth?",muscle_building
"Should I train to failure for maximum muscle gains?",muscle_building
"How do I structure a weekly workout plan for muscle building?",muscle_building
"Does age affect how easily I can build muscle?",muscle_building
"How many sets and reps should I do for muscle growth?",muscle_building
"Can I gain muscle without using protein shakes?",muscle_building
"What are the best compound exercises for muscle building?",muscle_building
"How important is hydration for muscle growth?",muscle_building
"What’s the best warm-up routine for heavy lifting?",muscle_building
"Can I build muscle while losing fat at the same time?",muscle_building
"Should I focus on free weights or machines for muscle growth?",muscle_building
"How much rest should I take between sets for hypertrophy?",muscle_building
"Are isolation exercises necessary for building muscle?",muscle_building
"What’s the role of healthy fats in muscle building?",muscle_building
"How can I avoid overtraining while building muscle?",muscle_building
"Does stretching help with muscle recovery?",muscle_building
"Are BCAAs helpful for muscle recovery and growth?",muscle_building
"What are the best snacks to support muscle building?",muscle_building
"Should I bulk before trying to gain muscle?",muscle_building
"Does drinking alcohol affect muscle growth?",muscle_building
"What’s the best way to track my progress in muscle building?",muscle_building
"How do I avoid plateaus in my muscle-building workouts?",muscle_building
"Should I focus on compound lifts for the majority of my workout?",muscle_building
"Can I build muscle with resistance bands?",muscle_building
"What’s the importance of rest days for muscle building?",muscle_building
"Can I gain muscle while eating a low-carb diet?",muscle_building
"How many calories should I eat daily to build muscle?",muscle_building
"What are the most effective exercises for growing bigger arms?",muscle_building
"Does fasted training hinder muscle growth?",muscle_building
"Should I track macronutrients to optimize muscle gains?",muscle_building
"How do I choose the right weight for lifting to build muscle?",muscle_building
"What’s the best way to improve my lifting form?",muscle_building
"Can I build muscle while doing cardio?",muscle_building
"What’s the role of protein timing in muscle growth?",muscle_building
"Should I eat more on training days to build muscle?",muscle_building
"What are the best supplements for muscle building?",muscle_building
"Does caffeine improve workout performance for muscle building?",muscle_building
"How can I increase my bench press strength for muscle growth?",muscle_building
"Is training twice a day beneficial for muscle gains?",muscle_building
"What’s the best exercise for growing your chest muscles?",muscle_building
"Can I build muscle while eating out frequently?",muscle_building
"How important is consistency in muscle building?",muscle_building
"Does muscle grow during workouts or during recovery?",muscle_building
"Should I do high reps or low reps for building strength?",muscle_building
"How do I bulk without gaining too much fat?",muscle_building
"What’s the difference between hypertrophy and strength training?",muscle_building
"Are there specific foods that accelerate muscle growth?",muscle_building
"How do I choose the best workout routine for muscle building?",muscle_building
"Is it normal to lose weight while building muscle?",muscle_building
"How do I manage muscle fatigue during intense training?",muscle_building
"Can I build muscle while doing intermittent fasting?",muscle_building
"How does protein absorption impact muscle growth?",muscle_building
"Are squats and deadlifts essential for building muscle?",muscle_building
"What’s the role of genetics in muscle growth?",muscle_building
"How can I stay motivated during a muscle-building journey?",muscle_building
"What are the benefits of training with a partner for muscle building?",muscle_building
"What are the best exercises for building muscle?",muscle_building
"How much protein do I need daily to build muscle?",muscle_building
"Can I build muscle with bodyweight exercises?",muscle_building
"What’s the best workout split for muscle growth?",muscle_building
"How often should I train each muscle group?",muscle_building
"Is it better to lift heavy weights or do more reps for muscle building?",muscle_building
"What are the best foods to eat for gaining muscle?",muscle_building
"How important is sleep for muscle recovery?",muscle_building
"Can I build muscle while staying in a calorie deficit?",muscle_building
"What’s the role of supplements in muscle building?",muscle_building
"Does cardio affect muscle growth?",muscle_building
"How do I prevent muscle soreness after workouts?",muscle_building
"Can I build muscle with high-intensity interval training (HIIT)?",muscle_building
"Should I eat before or after a workout to build muscle?",muscle_building
"What’s the best post-workout meal for muscle recovery?",muscle_building
"How long does it take to see noticeable muscle growth?",muscle_building
"Is creatine effective for building muscle?",muscle_building
"Can I build muscle while following a vegetarian diet?",muscle_building
"How does progressive overload help with muscle growth?",muscle_building
"Should I train to failure for maximum muscle gains?",muscle_building
"How do I structure a weekly workout plan for muscle building?",muscle_building
"Does age affect how easily I can build muscle?",muscle_building
"How many sets and reps should I do for muscle growth?",muscle_building
"Can I gain muscle without using protein shakes?",muscle_building
"What are the best compound exercises for muscle building?",muscle_building
"How important is hydration for muscle growth?",muscle_building
"What’s the best warm-up routine for heavy lifting?",muscle_building
"Can I build muscle while losing fat at the same time?",muscle_building
"Should I focus on free weights or machines for muscle growth?",muscle_building
"How much rest should I take between sets for hypertrophy?",muscle_building
"Are isolation exercises necessary for building muscle?",muscle_building
"What’s the role of healthy fats in muscle building?",muscle_building
"How can I avoid overtraining while building muscle?",muscle_building
"Does stretching help with muscle recovery?",muscle_building
"Are BCAAs helpful for muscle recovery and growth?",muscle_building
"What are the best snacks to support muscle building?",muscle_building
"Should I bulk before trying to gain muscle?",muscle_building
"Does drinking alcohol affect muscle growth?",muscle_building
"What’s the best way to track my progress in muscle building?",muscle_building
"How do I avoid plateaus in my muscle-building workouts?",muscle_building
"Should I focus on compound lifts for the majority of my workout?",muscle_building
"Can I build muscle with resistance bands?",muscle_building
"What’s the importance of rest days for muscle building?",muscle_building
"Can I gain muscle while eating a low-carb diet?",muscle_building
"How many calories should I eat daily to build muscle?",muscle_building
"What are the most effective exercises for growing bigger arms?",muscle_building
"Does fasted training hinder muscle growth?",muscle_building
"Should I track macronutrients to optimize muscle gains?",muscle_building
"How do I choose the right weight for lifting to build muscle?",muscle_building
"What’s the best way to improve my lifting form?",muscle_building
"Can I build muscle while doing cardio?",muscle_building
"What’s the role of protein timing in muscle growth?",muscle_building
"Should I eat more on training days to build muscle?",muscle_building
"What are the best supplements for muscle building?",muscle_building
"Does caffeine improve workout performance for muscle building?",muscle_building
"How can I increase my bench press strength for muscle growth?",muscle_building
"Is training twice a day beneficial for muscle gains?",muscle_building
"What’s the best exercise for growing your chest muscles?",muscle_building
"Can I build muscle while eating out frequently?",muscle_building
"How important is consistency in muscle building?",muscle_building
"Does muscle grow during workouts or during recovery?",muscle_building
"Should I do high reps or low reps for building strength?",muscle_building
"How do I bulk without gaining too much fat?",muscle_building
"What’s the difference between hypertrophy and strength training?",muscle_building
"Are there specific foods that accelerate muscle growth?",muscle_building
"How do I choose the best workout routine for muscle building?",muscle_building
"Is it normal to lose weight while building muscle?",muscle_building
"How do I manage muscle fatigue during intense training?",muscle_building
"Can I build muscle while doing intermittent fasting?",muscle_building
"How does protein absorption impact muscle growth?",muscle_building
"Are squats and deadlifts essential for building muscle?",muscle_building
"What’s the role of genetics in muscle growth?",muscle_building
"How can I stay motivated during a muscle-building journey?",muscle_building
"What are the benefits of training with a partner for muscle building?",muscle_building
"What are the best exercises for muscle growth?",muscle_building
"How many calories should I eat to gain muscle?",muscle_building
"Is protein powder necessary for building muscle?",muscle_building
"How often should I train each muscle group?",muscle_building
"What’s the best workout split for bodybuilding?",muscle_building
"How much protein should I consume daily for muscle building?",muscle_building
"Should I lift heavy weights or do more reps for muscle growth?",muscle_building
"How do I track progress during a muscle-building program?",muscle_building
"Can bodyweight exercises be effective for building muscle?",muscle_building
"What are the best compound lifts for building muscle?",muscle_building
"How does progressive overload help build muscle?",muscle_building
"Is cardio bad for muscle growth?",muscle_building
"How do I structure a weekly workout plan for muscle building?",muscle_building
"What’s the importance of recovery days in bodybuilding?",muscle_building
"How much rest should I take between sets for hypertrophy?",muscle_building
"Can I gain muscle while eating a vegetarian diet?",muscle_building
"Does drinking alcohol impact muscle growth?",muscle_building
"How does sleep affect muscle recovery and growth?",muscle_building
"What are the best snacks for building muscle?",muscle_building
"Is it possible to build muscle and lose fat at the same time?",muscle_building
"What’s the role of supplements in bodybuilding?",muscle_building
"Are isolation exercises necessary for building muscle?",muscle_building
"Should I bulk before cutting to gain muscle?",muscle_building
"Can I build muscle without going to the gym?",muscle_building
"How do I avoid overtraining while trying to gain muscle?",muscle_building
"Is creatine effective for muscle growth?",muscle_building
"How do I avoid plateaus in my training?",muscle_building
"What’s the best pre-workout meal for building muscle?",muscle_building
"Does fasted training hinder muscle growth?",muscle_building
"How do I increase my bench press for bigger chest muscles?",muscle_building
"What are the best exercises to grow bigger arms?",muscle_building
"Are squats and deadlifts essential for building muscle?",muscle_building
"How do I manage muscle soreness after intense workouts?",muscle_building
"Should I focus on free weights or machines for muscle growth?",muscle_building
"What’s the best protein source for building muscle?",muscle_building
"How important are healthy fats for muscle building?",muscle_building
"Can I build muscle with resistance bands?",muscle_building
"What’s the role of hydration in muscle recovery?",muscle_building
"How long does it take to see results from a bodybuilding program?",muscle_building
"What’s the best way to target smaller muscle groups?",muscle_building
"How do I create a balanced bodybuilding diet?",muscle_building
"Does meal timing impact muscle growth?",muscle_building
"Are there specific foods that accelerate muscle growth?",muscle_building
"What’s the importance of stretching in bodybuilding?",muscle_building
"How do I incorporate progressive overload into my workouts?",muscle_building
"Can I build muscle by working out only three times a week?",muscle_building
"Should I eat more on training days?",muscle_building
"What’s the role of protein shakes in muscle building?",muscle_building
"Are cheat meals okay during a bulking phase?",muscle_building
"How do I calculate my macronutrient needs for bodybuilding?",muscle_building
"Is intermittent fasting suitable for gaining muscle?",muscle_building
"How do genetics influence muscle-building potential?",muscle_building
"What’s the best way to recover from intense lifting sessions?",muscle_building
"How can I prevent injuries while lifting heavy weights?",muscle_building
"Should I track calories while bulking?",muscle_building
"How do I plan a workout to prioritize muscle size?",muscle_building
"Is high-intensity interval training effective for building muscle?",muscle_building
"Can I build muscle while doing daily cardio?",muscle_building
"What’s the difference between hypertrophy and strength training?",muscle_building
"Are supplements like BCAAs necessary for muscle recovery?",muscle_building
"How do I bulk without gaining excessive fat?",muscle_building
"How do I create a gym routine to target all major muscle groups?",muscle_building
"Are protein-rich diets essential for bodybuilding?",muscle_building
"What’s the best way to warm up before heavy lifting?",muscle_building
"Can I build muscle with short daily workouts?",muscle_building
"Are there any foods I should avoid while bulking?",muscle_building
"What are the best exercises for growing shoulder muscles?",muscle_building
"Does caffeine improve workout performance for bodybuilding?",muscle_building
"How do I avoid burnout during intense muscle-building programs?",muscle_building
"What’s the best way to measure muscle growth over time?",muscle_building
"What are the best exercises to build muscle mass?",muscle_building
"How many sets and reps should I do for muscle growth?",muscle_building
"Is protein powder essential for muscle building?",muscle_building
"How often should I train to build muscle effectively?",muscle_building
"What’s the best workout routine for beginners in bodybuilding?",muscle_building
"Can I build muscle without going to the gym?",muscle_building
"How important is nutrition in bodybuilding?",muscle_building
"Should I focus on compound exercises or isolation exercises?",muscle_building
"What’s the best way to recover after intense workouts?",muscle_building
"How can I avoid overtraining while trying to gain muscle?",muscle_building
"What’s the importance of rest days in muscle building?",muscle_building
"How does progressive overload work in muscle building?",muscle_building
"Should I bulk or cut first as a beginner?",muscle_building
"Can I gain muscle while following a vegetarian diet?",muscle_building
"How much protein should I consume daily for muscle growth?",muscle_building
"What’s the best pre-workout meal for gaining muscle?",muscle_building
"How do I calculate my calorie needs for muscle building?",muscle_building
"Are supplements necessary for bodybuilding?",muscle_building
"What’s the difference between hypertrophy and strength training?",muscle_building
"Can I build muscle while doing cardio?",muscle_building
"How do I plan a weekly workout split for muscle growth?",muscle_building
"Does drinking alcohol affect muscle growth?",muscle_building
"Are protein shakes better than whole food for muscle building?",muscle_building
"What are the best foods to eat for gaining muscle mass?",muscle_building
"How does sleep impact muscle recovery and growth?",muscle_building
"Are deadlifts and squats essential for muscle building?",muscle_building
"Can I build muscle with just resistance bands?",muscle_building
"What’s the ideal rest time between sets for muscle growth?",muscle_building
"Should I eat more on training days to build muscle?",muscle_building
"How do I avoid injuries while lifting heavy weights?",muscle_building
"Are cheat meals okay during a bulking phase?",muscle_building
"Can I build muscle with bodyweight exercises?",muscle_building
"How do I balance strength training and cardio for muscle growth?",muscle_building
"What’s the role of healthy fats in muscle building?",muscle_building
"Can I build muscle and lose fat at the same time?",muscle_building
"Does creatine help with muscle building?",muscle_building
"What’s the role of supplements like BCAAs in bodybuilding?",muscle_building
"How do I measure progress while building muscle?",muscle_building
"Are gym machines effective for muscle building?",muscle_building
"How important is stretching for muscle growth?",muscle_building
"Does intermittent fasting work for gaining muscle?",muscle_building
"How many times a week should I work out to maximize muscle growth?",muscle_building
"Are there specific foods that speed up muscle recovery?",muscle_building
"How do I prevent muscle soreness after intense workouts?",muscle_building
"What’s the best way to gain muscle without gaining fat?",muscle_building
"How do I structure my meals for muscle building?",muscle_building
"Can I build muscle while eating a low-carb diet?",muscle_building
"What’s the best exercise for developing a bigger chest?",muscle_building
"How do I train smaller muscle groups effectively?",muscle_building
"How do I avoid fitness plateaus during muscle building?",muscle_building
"What’s the best way to target specific muscle groups?",muscle_building
"How do genetics affect muscle-building potential?",muscle_building
"Can I build muscle on a plant-based diet?",muscle_building
"What’s the best post-workout meal for muscle recovery?",muscle_building
"Is it better to train to failure for maximum gains?",muscle_building
"Does lifting lighter weights with higher reps build muscle?",muscle_building
"How do I manage fatigue during intense training?",muscle_building
"What are the benefits of compound exercises in bodybuilding?",muscle_building
"How do I stay consistent with a bodybuilding routine?",muscle_building
"Does caffeine improve performance in muscle-building workouts?",muscle_building
"How important is protein timing for muscle growth?",muscle_building
"Are high-intensity workouts better for muscle growth?",muscle_building
"Can I gain muscle while eating out frequently?",muscle_building
"What’s the role of core exercises in overall muscle development?",muscle_building
"How do I know if I’m eating enough to build muscle?",muscle_building
"How can I optimize my recovery during a muscle-building phase?",muscle_building
"What are the best exercises for muscle building?",muscle_building
"How much protein do I need daily for muscle growth?",muscle_building
"Can I build muscle without lifting heavy weights?",muscle_building
"What’s the role of nutrition in bodybuilding?",muscle_building
"How often should I train each muscle group?",muscle_building
"Are compound exercises better than isolation exercises for muscle growth?",muscle_building
"What’s the best workout split for building muscle?",muscle_building
"Should I bulk or cut first when starting bodybuilding?",muscle_building
"How long does it take to see noticeable muscle growth?",muscle_building
"What’s the best way to recover after intense strength training?",muscle_building
"Can bodyweight exercises help with muscle growth?",muscle_building
"What’s the role of progressive overload in muscle building?",muscle_building
"How many sets and reps should I do for hypertrophy?",muscle_building
"Is protein powder necessary for muscle building?",muscle_building
"How does sleep impact muscle recovery and growth?",muscle_building
"Can I gain muscle on a plant-based diet?",muscle_building
"Does drinking alcohol hinder muscle growth?",muscle_building
"What’s the best pre-workout meal for muscle building?",muscle_building
"Are cheat meals okay during a bulking phase?",muscle_building
"What are the best post-workout snacks for recovery?",muscle_building
"Does cardio impact muscle growth?",muscle_building
"Should I eat more calories on training days?",muscle_building
"How do I avoid overtraining while building muscle?",muscle_building
"What’s the ideal rest time between sets for muscle growth?",muscle_building
"How can I build muscle while losing fat?",muscle_building
"Is creatine effective for building muscle?",muscle_building
"How do I prevent muscle soreness after workouts?",muscle_building
"Are gym machines effective for muscle growth?",muscle_building
"Should I track my macronutrients while bulking?",muscle_building
"How important are rest days for muscle recovery?",muscle_building
"Can I build muscle with resistance bands?",muscle_building
"What’s the best way to structure a weekly workout plan for muscle growth?",muscle_building
"What are the best high-protein foods for bodybuilding?",muscle_building
"Does lifting lighter weights with more reps build muscle?",muscle_building
"How can I stay consistent with a bodybuilding program?",muscle_building
"What are the benefits of deadlifts and squats for muscle building?",muscle_building
"Does intermittent fasting work for gaining muscle?",muscle_building
"What’s the best way to measure progress during a bodybuilding program?",muscle_building
"Can I gain muscle while eating out frequently?",muscle_building
"Are there specific foods that help with muscle recovery?",muscle_building
"How do I prevent injuries while lifting heavy weights?",muscle_building
"Is it necessary to use supplements for muscle growth?",muscle_building
"Should I do cardio before or after weightlifting?",muscle_building
"What’s the difference between hypertrophy and strength training?",muscle_building
"How do I avoid fitness plateaus during muscle building?",muscle_building
"How much water should I drink to support muscle growth?",muscle_building
"Are protein shakes better than whole food for muscle growth?",muscle_building
"How do genetics affect muscle-building potential?",muscle_building
"What’s the best exercise for developing chest muscles?",muscle_building
"Should I include isolation exercises in my routine?",muscle_building
"What are the best exercises for growing shoulder muscles?",muscle_building
"Can I build muscle by training only three days a week?",muscle_building
"Does training to failure maximize muscle growth?",muscle_building
"Are high-intensity workouts effective for bodybuilding?",muscle_building
"How do I calculate my daily calorie needs for bulking?",muscle_building
"How can I bulk without gaining excessive fat?",muscle_building
"Should I eat carbs before or after a workout?",muscle_building
"Are push-pull-leg splits effective for beginners?",muscle_building
"How do I train smaller muscle groups effectively?",muscle_building
"Is it better to train in the morning or evening for muscle growth?",muscle_building
"What’s the role of healthy fats in bodybuilding?",muscle_building
"How can I balance strength training and cardio for muscle building?",muscle_building
"Are supplements like BCAAs necessary for recovery?",muscle_building
"How do I ensure proper form during heavy lifts?",muscle_building
"Does stretching improve muscle recovery?",muscle_building
"Can I build muscle with bodyweight exercises only?",muscle_building
"How do I track macronutrients for bodybuilding?",muscle_building
"What’s the best way to train for balanced muscle development?",muscle_building
"What are the best exercises for building muscle?",muscle_building
"How often should I train each muscle group?",muscle_building
"How much protein do I need daily for muscle growth?",muscle_building
"Can I gain muscle with bodyweight exercises?",muscle_building
"What is the best workout split for gaining muscle?",muscle_building
"Should I lift heavy weights or do more reps for muscle growth?",muscle_building
"How long does it take to see noticeable muscle gains?",muscle_building
"Is cardio necessary for muscle building?",muscle_building
"What are the best foods to include in a muscle-building diet?",muscle_building
"How does sleep impact muscle recovery and growth?",muscle_building
"Can I build muscle on a plant-based diet?",muscle_building
"What is the importance of recovery days in muscle building?",muscle_building
"How does progressive overload help with muscle growth?",muscle_building
"Are supplements like creatine necessary for muscle building?",muscle_building
"What is the ideal calorie surplus for muscle growth?",muscle_building
"Should I eat before or after a workout to build muscle?",muscle_building
"What are the best compound lifts for muscle building?",muscle_building
"Does lifting lighter weights with more reps build muscle?",muscle_building
"What is the role of protein shakes in muscle building?",muscle_building
"Can I build muscle while losing fat?",muscle_building
"How many sets and reps should I do for hypertrophy?",muscle_building
"How do I avoid overtraining while building muscle?",muscle_building
"What is the best way to track progress in muscle building?",muscle_building
"How important is meal timing for muscle growth?",muscle_building
"Can I build muscle while eating fast food occasionally?",muscle_building
"What are the benefits of deadlifts and squats for muscle growth?",muscle_building
"Is it necessary to train to failure for muscle gains?",muscle_building
"Can I build muscle with resistance bands?",muscle_building
"How do I avoid muscle soreness after workouts?",muscle_building
"Are gym machines effective for building muscle?",muscle_building
"Does cardio impact muscle building negatively?",muscle_building
"How do I balance strength training with cardio for muscle growth?",muscle_building
"What are the best protein-rich snacks for muscle building?",muscle_building
"How do I structure a weekly workout routine for muscle growth?",muscle_building
"How much water should I drink daily for muscle recovery?",muscle_building
"What are the best recovery strategies for intense strength training?",muscle_building
"Can I build muscle without using supplements?",muscle_building
"What are the best exercises to grow chest muscles?",muscle_building
"Should I bulk before cutting to gain muscle effectively?",muscle_building
"How do I prevent injuries while lifting heavy weights?",muscle_building
"What is the difference between strength training and hypertrophy training?",muscle_building
"Are isolation exercises necessary for muscle growth?",muscle_building
"How do I improve my lifting form for better gains?",muscle_building
"Can I gain muscle with intermittent fasting?",muscle_building
"How does meal prep help in bodybuilding?",muscle_building
"What is the role of fats in a muscle-building diet?",muscle_building
"What are the best exercises to target arm muscles?",muscle_building
"Does training in the morning impact muscle building?",muscle_building
"How do I avoid plateaus in my muscle-building journey?",muscle_building
"What are the most effective shoulder-building exercises?",muscle_building
"How do genetics affect muscle-building potential?",muscle_building
"What is the importance of core strength in bodybuilding?",muscle_building
"Are high-intensity workouts effective for building muscle?",muscle_building
"How do I choose the best supplements for bodybuilding?",muscle_building
"What are the best ways to stay consistent with muscle building?",muscle_building
"How do I manage fatigue during intense training sessions?",muscle_building
"Should I focus on bulking first to maximize muscle gains?",muscle_building
"What are the best strategies for a sustainable muscle-building diet?",muscle_building
"Can I build muscle by training only three times a week?",muscle_building
"What are the benefits of protein timing for muscle growth?",muscle_building
"What are the best compound exercises for muscle growth?",muscle_building
"How do I structure a weekly workout plan for muscle building?",muscle_building
"How many sets and reps should I do for hypertrophy?",muscle_building
"Should I focus on full-body workouts or split routines for muscle growth?",muscle_building
"What is the ideal rest time between sets for muscle building?",muscle_building
"How often should I train each muscle group for maximum gains?",muscle_building
"Should I include isolation exercises in my workout routine?",muscle_building
"How does progressive overload contribute to muscle growth?",muscle_building
"What are the best exercises to target chest muscles?",muscle_building
"What’s the role of recovery days in building muscle?",muscle_building
"Should I train to failure to maximize muscle growth?",muscle_building
"How do I plan my sets and reps for different muscle groups?",muscle_building
"What’s the importance of core exercises in a bodybuilding program?",muscle_building
"Can I build muscle with just bodyweight exercises?",muscle_building
"How do I calculate the ideal volume for a muscle-building workout?",muscle_building
"Are supersets effective for building muscle?",muscle_building
"What’s the best way to warm up before lifting heavy weights?",muscle_building
"How do I design a push-pull-legs workout split?",muscle_building
"Are gym machines as effective as free weights for building muscle?",muscle_building
"How do I balance high-volume and low-volume training for muscle growth?",muscle_building
"What’s the ideal number of exercises per muscle group in a workout?",muscle_building
"Should I increase workout frequency or intensity for better muscle gains?",muscle_building
"How do I incorporate compound and isolation exercises into a plan?",muscle_building
"What are the best shoulder exercises for muscle growth?",muscle_building
"How do I adjust my workout plan as I get stronger?",muscle_building
"What’s the best way to track progress in a muscle-building routine?",muscle_building
"How do I create a beginner-friendly bodybuilding workout plan?",muscle_building
"What’s the importance of cooldown exercises after strength training?",muscle_building
"Can I build muscle by training three days a week?",muscle_building
"What’s the difference between training for strength and hypertrophy?",muscle_building
"Are isolation exercises necessary for smaller muscle groups?",muscle_building
"How do I build a workout plan to target weak areas?",muscle_building
"Does fasted training affect muscle growth?",muscle_building
"How do I optimize exercise volume for advanced bodybuilding?",muscle_building
"What’s the best exercise for growing bigger back muscles?",muscle_building
"How can I prevent muscle fatigue during high-volume workouts?",muscle_building
"Are high-rep, low-weight exercises good for muscle building?",muscle_building
"How do I build a workout plan for gaining mass quickly?",muscle_building
"What’s the role of flexibility exercises in a muscle-building program?",muscle_building
"Should I prioritize compound lifts over isolation exercises?",muscle_building
"How many exercises per session should I include for muscle building?",muscle_building
"Can I build muscle with resistance bands?",muscle_building
"What’s the role of tempo in muscle-building exercises?",muscle_building
"Should I vary my exercises frequently for muscle growth?",muscle_building
"How do I create a balanced program for upper and lower body strength?",muscle_building
"What are the benefits of unilateral exercises in bodybuilding?",muscle_building
"How do I incorporate progressive overload without overtraining?",muscle_building
"How many sets per week should I aim for each muscle group?",muscle_building
"What are the best exercises for developing leg muscles?",muscle_building
"How do I design a workout plan with limited equipment?",muscle_building
"Is high-frequency training better for muscle building?",muscle_building
"How do I ensure proper recovery while following a high-volume plan?",muscle_building
"Should I alternate between high and low-intensity workouts?",muscle_building
"What’s the role of accessory lifts in a muscle-building program?",muscle_building
"How can I optimize my training for both size and strength?",muscle_building
"Are pyramid sets effective for hypertrophy?",muscle_building
"What’s the best way to organize exercises in a workout session?",muscle_building
"How do I target smaller muscle groups effectively?",muscle_building
"Should I include plyometric exercises in a muscle-building plan?",muscle_building
"Can circuit training be effective for muscle growth?",muscle_building
"How do I balance strength training and endurance exercises?",muscle_building
"Are there specific exercises to correct muscle imbalances?",muscle_building
"How does tempo affect muscle activation in weightlifting?",muscle_building
"How do I create a program to prioritize specific muscle groups?",muscle_building
"Are there benefits to splitting workouts into morning and evening sessions?",muscle_building
"What’s the importance of proper form during high-volume training?",muscle_building
"What are the most effective exercises for building biceps?",muscle_building
"How do I plan a workout split for muscle growth?",muscle_building
"How much exercise volume is required for each muscle group?",muscle_building
"What are the best exercises to strengthen my back muscles?",muscle_building
"Should I prioritize compound lifts over isolation movements?",muscle_building
"How do I incorporate rest days into my workout plan?",muscle_building
"What’s the role of supersets in muscle building?",muscle_building
"How do I structure a push-pull workout routine for maximum gains?",muscle_building
"Are three sets per exercise enough for hypertrophy?",muscle_building
"How do I balance high-volume and low-intensity training for gains?",muscle_building
"What’s the best warm-up routine for a strength-training session?",muscle_building
"How do I determine the ideal number of reps for muscle building?",muscle_building
"Should I rotate exercises regularly to avoid plateaus?",muscle_building
"How can I adjust my workouts to focus on weaker muscle groups?",muscle_building
"What’s the importance of tempo during weightlifting exercises?",muscle_building
"Can I build muscle with a full-body workout plan?",muscle_building
"How do I progressively overload without increasing the risk of injury?",muscle_building
"Are machines as effective as free weights for muscle growth?",muscle_building
"What’s the ideal combination of sets and reps for advanced lifters?",muscle_building
"Should I include core exercises in every workout session?",muscle_building
"How do I structure my weekly routine to target all major muscle groups?",muscle_building
"What are the best exercises for improving shoulder size and strength?",muscle_building
"Is it better to train larger muscle groups first during a workout?",muscle_building
"How many exercises should I include in a single workout session?",muscle_building
"What’s the best way to plan an upper-body workout for mass?",muscle_building
"Should I incorporate plyometrics into my muscle-building routine?",muscle_building
"Are pyramid sets effective for maximizing hypertrophy?",muscle_building
"How do I design a workout routine with limited gym equipment?",muscle_building
"Is high-frequency training suitable for beginners?",muscle_building
"How do I manage muscle fatigue during long workout sessions?",muscle_building
"Can I build muscle by working out three times a week?",muscle_building
"How do I track my progress effectively during a bulking phase?",muscle_building
"Are split routines better than full-body workouts for muscle growth?",muscle_building
"What’s the role of unilateral exercises in correcting imbalances?",muscle_building
"How do I optimize my workout plan for strength and hypertrophy?",muscle_building
"Can circuit training help with building muscle effectively?",muscle_building
"What are the benefits of supersets for muscle endurance?",muscle_building
"How do I balance cardio with strength training for muscle gains?",muscle_building
"How do I create a workout routine to prevent muscle imbalances?",muscle_building
"What’s the ideal rest time between sets for building strength?",muscle_building
"Should I focus on high-intensity or steady-state training for gains?",muscle_building
"How can I maximize the effectiveness of a pull-day workout?",muscle_building
"Is it necessary to include isolation exercises for every muscle group?",muscle_building
"What’s the best way to split workouts between strength and size goals?",muscle_building
"Can I build muscle using resistance bands exclusively?",muscle_building
"How do I ensure proper recovery during high-volume training weeks?",muscle_building
"What’s the optimal number of sets per week for chest development?",muscle_building
"How do I structure leg-day workouts for maximum gains?",muscle_building
"Are bodyweight exercises effective for long-term muscle building?",muscle_building
"How do I include accessory lifts in my training program?",muscle_building
"What are the best strategies to avoid overtraining during bulking?",muscle_building
"How do I balance progressive overload with proper recovery?",muscle_building
"How many reps per set should I aim for while cutting?",muscle_building
"Can I build muscle while doing endurance training?",muscle_building
"What’s the best way to focus on improving my deadlift strength?",muscle_building
"Should I alternate between high and low-rep ranges for gains?",muscle_building
"How do I create a program to prioritize lagging muscle groups?",muscle_building
"Are drop sets beneficial for hypertrophy?",muscle_building
"Should I vary my rest times based on the muscle group being trained?",muscle_building
"What’s the role of time under tension in hypertrophy training?",muscle_building
"How do I incorporate functional training into a bodybuilding routine?",muscle_building
"How can I target specific areas of my back for growth?",muscle_building
"What’s the best strategy to improve bench press strength?",muscle_building
"Are high-rep bodyweight workouts effective for muscle building?",muscle_building
"How do I build a workout plan for a home gym setup?",muscle_building
"What are the best ways to improve grip strength during lifting?",muscle_building
"How do I alternate exercises to target both size and strength?",muscle_building
"Can I train multiple muscle groups in a single session effectively?",muscle_building
"What’s the role of flexibility training in a muscle-building program?",muscle_building
"What are the best exercises to target all major muscle groups?",muscle_building
"How do I structure a workout plan for beginners?",muscle_building
"What’s the ideal exercise volume for hypertrophy?",muscle_building
"Should I combine compound and isolation exercises in every workout?",muscle_building
"How many sets per week are optimal for muscle growth?",muscle_building
"What’s the role of tempo in strength training for muscle building?",muscle_building
"How do I plan an effective push-pull workout routine?",muscle_building
"Are high-rep workouts effective for building muscle?",muscle_building
"How do I avoid overtraining while following a high-volume plan?",muscle_building
"Should I focus on one muscle group per session or multiple?",muscle_building
"What’s the best exercise for building a strong lower back?",muscle_building
"How do I prioritize weaker muscle groups in my workout plan?",muscle_building
"What’s the ideal number of exercises per muscle group in a session?",muscle_building
"How do I determine the right weight for lifting to build muscle?",muscle_building
"Should I alternate between high-intensity and low-intensity workouts?",muscle_building
"Can I build muscle with a three-day workout plan?",muscle_building
"How do I plan a full-body workout for maximum gains?",muscle_building
"What’s the best strategy to combine strength and hypertrophy training?",muscle_building
"Should I include plyometric exercises in my workout plan?",muscle_building
"What’s the role of supersets and drop sets in building muscle?",muscle_building
"How can I improve grip strength for heavier lifts?",muscle_building
"Are unilateral exercises essential for preventing imbalances?",muscle_building
"What’s the ideal way to balance upper and lower body workouts?",muscle_building
"How do I plan a leg-day workout for maximum growth?",muscle_building
"Should I prioritize heavy lifts at the start of my workout?",muscle_building
"How many exercises should I include in a single session for hypertrophy?",muscle_building
"How do I incorporate rest days into a high-frequency plan?",muscle_building
"Are isolation exercises necessary for advanced muscle building?",muscle_building
"What’s the best way to warm up for heavy lifting sessions?",muscle_building
"How do I design a workout plan for lagging muscle groups?",muscle_building
"Is high-frequency training better than high-volume training?",muscle_building
"What are the best exercises to build bigger shoulders?",muscle_building
"How can I target specific areas of my back for growth?",muscle_building
"Does time under tension play a significant role in hypertrophy?",muscle_building
"How do I create a program for balanced development of all muscles?",muscle_building
"Can I train multiple muscle groups in a single session effectively?",muscle_building
"How do I prevent fatigue during long workout sessions?",muscle_building
"Are resistance bands sufficient for long-term muscle growth?",muscle_building
"What’s the role of accessory exercises in advanced bodybuilding?",muscle_building
"How do I adjust my training intensity as I get stronger?",muscle_building
"What’s the best way to increase volume safely over time?",muscle_building
"Should I include isometric holds in my workout routine?",muscle_building
"How do I balance recovery and training intensity for advanced lifters?",muscle_building
"What’s the best exercise combination for chest and triceps?",muscle_building
"How do I effectively combine cardio with muscle-building workouts?",muscle_building
"Are short rest intervals effective for muscle endurance?",muscle_building
"How do I split workouts between upper and lower body efficiently?",muscle_building
"What are the best ways to target small stabilizer muscles?",muscle_building
"Can I build muscle with short, intense workout sessions?",muscle_building
"How do I avoid plateaus in strength and muscle gains?",muscle_building
"What’s the role of flexibility and mobility in muscle growth?",muscle_building
"Should I vary rep ranges during the week for better results?",muscle_building
"How do I design a workout routine with limited equipment?",muscle_building
"Are drop sets more effective than standard sets for hypertrophy?",muscle_building
"What’s the best way to manage fatigue during high-volume training?",muscle_building
"How do I structure a split routine for balanced development?",muscle_building
"Are full-body workouts effective for advanced lifters?",muscle_building
"How do I improve muscle symmetry through targeted training?",muscle_building
"Should I train large muscle groups before smaller ones?",muscle_building
"What’s the importance of deload weeks in muscle-building programs?",muscle_building
"How do I include functional movements in my training program?",muscle_building
"What’s the role of consistency in long-term muscle building?",muscle_building
"Can I gain muscle with calisthenics alone?",muscle_building
"How do I include supersets for time-efficient muscle building?",muscle_building
"What’s the best strategy to improve squats and deadlifts?",muscle_building
"How do I create a home workout plan for muscle building?",muscle_building
"Are push-pull-leg splits ideal for building muscle evenly?",muscle_building
"What are the most effective compound exercises for muscle growth?",muscle_building
"How should I structure a weekly workout plan for muscle building?",muscle_building
"What’s the ideal workout split for beginners?",muscle_building
"How many sets and reps should I do for each muscle group?",muscle_building
"What’s the best way to balance strength and hypertrophy training?",muscle_building
"How do I calculate the ideal volume for a workout program?",muscle_building
"How often should I train each muscle group for optimal growth?",muscle_building
"What are the best isolation exercises for targeting specific muscles?",muscle_building
"Should I include both compound and isolation exercises in my plan?",muscle_building
"How do I create a push-pull-legs workout split?",muscle_building
"What’s the ideal rest time between sets for muscle building?",muscle_building
"How many exercises per muscle group should I include in a session?",muscle_building
"Should I train large muscle groups before smaller ones?",muscle_building
"What’s the best way to prevent overtraining during high-frequency workouts?",muscle_building
"How do I balance upper-body and lower-body workouts?",muscle_building
"Are full-body workouts effective for muscle building?",muscle_building
"How do I adjust workout frequency based on recovery ability?",muscle_building
"What are the benefits of training to failure for hypertrophy?",muscle_building
"How can I optimize my training schedule for maximum gains?",muscle_building
"Should I include accessory exercises in my training program?",muscle_building
"How many times a week should I train to build muscle?",muscle_building
"Is high-volume training better than high-intensity training for gains?",muscle_building
"How do I create a balanced workout plan for all muscle groups?",muscle_building
"Are pyramid sets effective for building muscle?",muscle_building
"What’s the role of rest days in a muscle-building program?",muscle_building
"Can I build muscle with just three workouts a week?",muscle_building
"How do I design a workout split for intermediate lifters?",muscle_building
"Are split routines better than full-body workouts for advanced lifters?",muscle_building
"How do I prioritize lagging muscle groups in my workout plan?",muscle_building
"Should I rotate exercises regularly to avoid plateaus?",muscle_building
"How do I incorporate progressive overload into my training?",muscle_building
"What’s the role of supersets and drop sets in hypertrophy?",muscle_building
"Are short rest intervals effective for muscle building?",muscle_building
"What’s the importance of core exercises in a bodybuilding program?",muscle_building
"How do I build a workout plan for a home gym?",muscle_building
"Should I alternate between high reps and low reps in my routine?",muscle_building
"What are the best exercises for improving overall back strength?",muscle_building
"How do I create a high-volume workout plan without overtraining?",muscle_building
"Should I increase workout frequency or intensity for better results?",muscle_building
"What’s the role of unilateral exercises in preventing imbalances?",muscle_building
"How do I improve muscle endurance during long workout sessions?",muscle_building
"Are resistance bands effective for long-term muscle building?",muscle_building
"How do I structure my workout routine to prioritize strength gains?",muscle_building
"What’s the best way to split upper-body and lower-body workouts?",muscle_building
"How many rest days should I take per week for muscle recovery?",muscle_building
"How do I track workout volume to measure progress?",muscle_building
"What’s the best way to include accessory lifts for stabilization muscles?",muscle_building
"Should I focus on isolation movements to target smaller muscles?",muscle_building
"How do I structure a workout plan for balanced strength development?",muscle_building
"Are alternating push-pull routines effective for muscle building?",muscle_building
"What’s the ideal number of exercises per session for hypertrophy?",muscle_building
"How do I determine the right weight for lifting to achieve muscle growth?",muscle_building
"What’s the best way to prevent fatigue during intense training?",muscle_building
"Should I include plyometric exercises in a muscle-building routine?",muscle_building
"How do I improve recovery time between high-frequency sessions?",muscle_building
"What’s the role of isometric exercises in a bodybuilding routine?",muscle_building
"How do I design a leg-day workout for maximum muscle growth?",muscle_building
"Are drop sets more effective than traditional sets for hypertrophy?",muscle_building
"How do I balance cardio with muscle-building exercises?",muscle_building
"How many sets should I perform weekly for optimal chest development?",muscle_building
"What’s the role of time under tension in hypertrophy training?",muscle_building
"How do I include functional movements in a bodybuilding program?",muscle_building
"Are high-rep bodyweight exercises effective for muscle growth?",muscle_building
"What’s the best way to improve symmetry in muscle development?",muscle_building
"Should I deload after a high-intensity training cycle?",muscle_building
"What’s the role of progressive resistance in long-term muscle growth?",muscle_building
"How do I split workout days to focus on specific muscle groups?",muscle_building
"Are circuit workouts effective for building muscle?",muscle_building
"What’s the best combination of exercises for developing shoulders?",muscle_building
"How do I organize a pull-day workout for maximum gains?",muscle_building
"Can I train multiple muscle groups in a single session effectively?",muscle_building
"How do I vary my routine to avoid training plateaus?",muscle_building
"Should I train smaller muscle groups on the same day as larger ones?",muscle_building
"How do I structure a workout plan for bulking?",muscle_building
"How do I combine isolation and compound lifts in my routine?",muscle_building
"How should I approach high-frequency training for advanced lifters?",muscle_building
"What are the most effective compound exercises for overall muscle growth?",muscle_building
"How do I structure a weekly workout plan for balanced muscle development?",muscle_building
"What is the role of deadlifts in building strength and size?",muscle_building
"How many sets per week should I perform for optimal chest growth?",muscle_building
"Should I focus on free weights or machines for muscle building?",muscle_building
"What are the best isolation exercises for targeting weak muscle groups?",muscle_building
"How do I plan a push-pull-legs workout split effectively?",muscle_building
"How many rest days should I include in a weekly workout plan?",muscle_building
"What’s the ideal number of sets and reps for hypertrophy?",muscle_building
"Should I train to failure for maximum muscle gains?",muscle_building
"How do I balance upper-body and lower-body workouts in my routine?",muscle_building
"Can I build muscle with bodyweight exercises alone?",muscle_building
"How do I determine the right exercise volume for each muscle group?",muscle_building
"Should I prioritize compound lifts over isolation exercises?",muscle_building
"What’s the role of squats in developing leg and core strength?",muscle_building
"How do I create a balanced workout split for advanced lifters?",muscle_building
"What’s the ideal rest time between sets for different exercises?",muscle_building
"How do I include accessory lifts to improve stabilizer muscles?",muscle_building
"What’s the role of progressive overload in long-term muscle growth?",muscle_building
"Are supersets effective for saving time while building muscle?",muscle_building
"How many exercises should I perform per muscle group in a session?",muscle_building
"How do I incorporate functional exercises into a bodybuilding routine?",muscle_building
"What’s the importance of proper form in compound exercises?",muscle_building
"Can I build muscle with resistance bands instead of weights?",muscle_building
"How do I create a beginner-friendly workout plan for muscle building?",muscle_building
"What are the benefits of split routines over full-body workouts?",muscle_building
"How do I adjust my workout frequency based on recovery and progress?",muscle_building
"What’s the role of bench presses in chest development?",muscle_building
"Should I include unilateral exercises to prevent imbalances?",muscle_building
"How do I prioritize weaker muscle groups in my workout plan?",muscle_building
"How many days a week should I train to maximize hypertrophy?",muscle_building
"What’s the function of isolation movements in a workout plan?",muscle_building
"Should I alternate between heavy and light lifting days?",muscle_building
"What are the best exercises for developing shoulder size and strength?",muscle_building
"How do I include core training in a muscle-building plan?",muscle_building
"How does exercise volume impact muscle recovery and growth?",muscle_building
"What’s the role of flexibility and stretching in preventing injuries?",muscle_building
"How do I vary my routine to avoid hitting a plateau?",muscle_building
"Should I perform drop sets or pyramid sets for hypertrophy?",muscle_building
"What’s the ideal way to balance strength and endurance training?",muscle_building
"How do I split workout sessions between strength and size goals?",muscle_building
"Are high-frequency workouts better for experienced lifters?",muscle_building
"What are the best exercises to build a strong back?",muscle_building
"How do I create a workout plan for maximum arm growth?",muscle_building
"What’s the role of isometric exercises in muscle building?",muscle_building
"How do I track workout volume and intensity for progress?",muscle_building
"Should I train larger muscle groups before smaller ones in a session?",muscle_building
"How do I adjust my training plan to target lagging areas?",muscle_building
"Can circuit training be effective for building muscle?",muscle_building
"What’s the role of time under tension in hypertrophy training?",muscle_building
"Should I include plyometric exercises in a hypertrophy routine?",muscle_building
"What are the best ways to improve grip strength for heavy lifts?",muscle_building
"How do I balance push and pull movements in a training plan?",muscle_building
"How many exercises per workout should I perform for best results?",muscle_building
"Should I include rest-pause sets for advanced muscle gains?",muscle_building
"Are isolation exercises necessary for smaller muscle groups?",muscle_building
"How do I plan a workout for developing core stability and strength?",muscle_building
"What’s the role of accessory lifts in targeting stabilizer muscles?",muscle_building
"How do I structure a workout plan for balanced upper-body development?",muscle_building
"What’s the ideal workout split for building muscle evenly?",muscle_building
"How do I include functional strength exercises in my routine?",muscle_building
"What’s the importance of recovery days in preventing overtraining?",muscle_building
"How do I ensure proper form while lifting heavy weights?",muscle_building
"What are the best exercises to grow quadriceps effectively?",muscle_building
"Should I alternate between strength and hypertrophy cycles?",muscle_building
"How do I create a balanced routine for all major muscle groups?",muscle_building
"What are the benefits of resistance bands in bodybuilding?",muscle_building
"How do I choose the right weights for each exercise?",muscle_building
"What’s the best way to include unilateral movements for symmetry?",muscle_building
"How do I prevent muscle fatigue during high-volume training?",muscle_building
"What’s the ideal way to cool down after a heavy lifting session?",muscle_building
"Are drop sets or supersets better for advanced hypertrophy?",muscle_building
"How do I improve strength and size simultaneously?",muscle_building
"What’s the best way to improve my squat and deadlift performance?",muscle_building
"What’s the best way to create a push-pull-legs workout split?",muscle_building
"How many times a week should I train each muscle group?",muscle_building
"Which muscles should I target in a three-day split routine?",muscle_building
"What’s the ideal recovery time for chest muscles after a heavy workout?",muscle_building
"How do I balance upper-body and lower-body training in my routine?",muscle_building
"What are the best exercises for building a strong chest?",muscle_building
"How many sets per week should I do for optimal back growth?",muscle_building
"Should I train smaller muscle groups like biceps and triceps on the same day?",muscle_building
"What’s the importance of including compound lifts in my workout split?",muscle_building
"How do I create a weekly workout plan for balanced muscle development?",muscle_building
"What’s the role of squats in developing leg and core strength?",muscle_building
"How do I prioritize weaker muscle groups in my training plan?",muscle_building
"What are the best exercises for building strong shoulders?",muscle_building
"How do I determine the right exercise volume for muscle growth?",muscle_building
"Should I train to failure on every set for maximum gains?",muscle_building
"What are the benefits of rest days in a workout routine?",muscle_building
"How do I structure a workout split to prevent overtraining?",muscle_building
"What’s the ideal rest time between sets for hypertrophy?",muscle_building
"Can I build muscle by training each muscle group once a week?",muscle_building
"What are the functions of compound exercises like deadlifts and bench press?",muscle_building
"How do I incorporate isolation exercises into a workout plan?",muscle_building
"Should I focus on unilateral exercises to prevent imbalances?",muscle_building
"What’s the best way to split upper-body and lower-body workouts?",muscle_building
"How many exercises should I perform for each muscle group in one session?",muscle_building
"How do I manage recovery time between high-intensity sessions?",muscle_building
"How do I balance heavy lifting and high-volume training for hypertrophy?",muscle_building
"What’s the role of core exercises in a muscle-building program?",muscle_building
"Should I combine cardio and strength training in my weekly plan?",muscle_building
"What are the best exercises to target specific areas of the back?",muscle_building
"How do I adjust my workout plan to target lagging muscle groups?",muscle_building
"How can I create a workout plan for maximum leg growth?",muscle_building
"How do I calculate the ideal number of reps and sets for muscle building?",muscle_building
"What’s the importance of rest-pause sets in advanced training?",muscle_building
"How do I avoid overtraining while following a high-frequency plan?",muscle_building
"What’s the ideal frequency for training each muscle group?",muscle_building
"How do I balance strength and hypertrophy goals in my workouts?",muscle_building
"What’s the role of recovery in achieving consistent muscle growth?",muscle_building
"Are pyramid sets effective for building muscle volume?",muscle_building
"What are the best warm-up exercises for heavy lifting sessions?",muscle_building
"How do I structure my workouts to include both strength and endurance training?",muscle_building
"How do I create a home gym workout plan for balanced muscle growth?",muscle_building
"What are the functions of isolation movements like bicep curls?",muscle_building
"Should I alternate heavy lifting days with lighter, high-rep days?",muscle_building
"How do I split push and pull exercises in a weekly routine?",muscle_building
"How many days a week should I train for maximum muscle gains?",muscle_building
"What’s the best way to combine compound and isolation exercises in a workout?",muscle_building
"What’s the ideal way to progress in weight and volume for advanced lifters?",muscle_building
"How can I target both the upper and lower chest in my workouts?",muscle_building
"What are the best strategies to optimize recovery time between workouts?",muscle_building
"What’s the importance of tempo in strength-training exercises?",muscle_building
"How do I determine the right weight to lift for building muscle?",muscle_building
"Should I include supersets in my routine for time efficiency?",muscle_building
"How do I prevent fatigue during high-volume training sessions?",muscle_building
"What are the benefits of including unilateral movements in a program?",muscle_building
"How do I create a balanced weekly routine for muscle symmetry?",muscle_building
"Should I train larger muscle groups before smaller ones?",muscle_building
"How do I incorporate rest days into my muscle-building program?",muscle_building
"What’s the ideal number of sets per week for optimal hypertrophy?",muscle_building
"What’s the role of deload weeks in advanced training programs?",muscle_building
"How do I organize a workout split for balanced upper-body growth?",muscle_building
"How do I include flexibility and mobility training in a bodybuilding routine?",muscle_building
"Can I build muscle by working out three times a week?",muscle_building
"How do I structure a workout plan for a busy schedule?",muscle_building
"What’s the role of time under tension in achieving hypertrophy?",muscle_building
"What are the best exercises to target the hamstrings and glutes?",muscle_building
"Should I alternate muscle groups daily for better recovery?",muscle_building
"How do I design a program for progressive overload without injury?",muscle_building
"How many exercises should I include per muscle group each session?",muscle_building
"Should I prioritize compound lifts over isolation exercises?",muscle_building
"What’s the best way to train for both size and strength simultaneously?",muscle_building
"How can I maximize recovery for back-to-back training sessions?",muscle_building
"What are the benefits of circuit training for muscle endurance?",muscle_building
"How do I design a hypertrophy plan for intermediate lifters?",muscle_building
"What’s the ideal workout split for a six-day training routine?",muscle_building
"What are the best high-protein foods for muscle building?",muscle_building
"How do I create a meal plan for lean bulking?",muscle_building
"What’s the ideal protein intake for building muscle?",muscle_building
"How many calories should I consume daily to build muscle?",muscle_building
"Should I include carbs in my diet for muscle growth?",muscle_building
"How do I balance protein, carbs, and fats for lean muscle?",muscle_building
"What are the best snacks for increasing protein intake?",muscle_building
"Is a high-protein diet necessary for bodybuilding?",muscle_building
"Should I eat more on training days to support muscle recovery?",muscle_building
"How do I avoid gaining fat during a bulking phase?",muscle_building
"What are the best lean protein sources for building muscle?",muscle_building
"Can I build muscle while following a vegetarian diet?",muscle_building
"How do I calculate my macronutrient needs for muscle building?",muscle_building
"What are the best pre-workout meals for energy and performance?",muscle_building
"How important is hydration for muscle growth?",muscle_building
"What are the best post-workout meals for muscle recovery?",muscle_building
"Can I build muscle while eating a low-carb diet?",muscle_building
"What are the benefits of eating whole foods for muscle building?",muscle_building
"How much protein should I eat per meal to maximize muscle growth?",muscle_building
"Should I eat immediately after a workout to build muscle?",muscle_building
"What are the best supplements to support a high-protein diet?",muscle_building
"How do I maintain a calorie surplus without gaining excess fat?",muscle_building
"Are cheat meals okay during a lean bulking phase?",muscle_building
"What’s the role of healthy fats in a muscle-building diet?",muscle_building
"How do I plan meals for consistent muscle-building results?",muscle_building
"Should I eat before bed to support muscle growth?",muscle_building
"What are the best plant-based protein options for vegetarians?",muscle_building
"How does meal timing affect muscle recovery and growth?",muscle_building
"Can intermittent fasting work for muscle building?",muscle_building
"How do I plan my meals around workouts for better results?",muscle_building
"What’s the best way to track calories during a bulking phase?",muscle_building
"Are protein shakes necessary for muscle building?",muscle_building
"Should I eat more protein on rest days?",muscle_building
"How can I ensure I’m getting enough vitamins and minerals in my diet?",muscle_building
"What are the best foods to eat for lean muscle gain?",muscle_building
"How do I prevent muscle loss during a cutting phase?",muscle_building
"Can I gain muscle while eating out frequently?",muscle_building
"What’s the importance of protein timing for muscle growth?",muscle_building
"How do I balance high-protein diets with overall nutrition?",muscle_building
"What are the best dairy-based protein sources for muscle building?",muscle_building
"Should I include protein bars in my diet for convenience?",muscle_building
"How do I avoid overeating during a bulking phase?",muscle_building
"What’s the role of fiber in a muscle-building diet?",muscle_building
"Should I consume protein powders or stick to whole foods?",muscle_building
"Are there specific foods that speed up muscle recovery?",muscle_building
"What’s the best way to bulk without increasing body fat?",muscle_building
"How can I ensure I’m eating enough calories to support muscle growth?",muscle_building
"What’s the best protein-to-carb ratio for post-workout meals?",muscle_building
"Can I build muscle while following a vegan diet?",muscle_building
"How do I structure a meal plan for a clean bulk?",muscle_building
"What are the best foods to eat before an intense workout?",muscle_building
"Should I take creatine to supplement my muscle-building diet?",muscle_building
"How do I incorporate healthy snacks into a muscle-building plan?",muscle_building
"What are the best sources of healthy fats for lean bulking?",muscle_building
"Should I include cheat days in a muscle-building diet?",muscle_building
"What’s the role of omega-3 fatty acids in muscle recovery?",muscle_building
"How do I balance eating enough calories with avoiding unhealthy foods?",muscle_building
"What are the most cost-effective protein sources for bodybuilding?",muscle_building
"Can I rely on protein shakes as my main source of protein?",muscle_building
"Should I take a multivitamin to support my muscle-building goals?",muscle_building
"What are the best carb sources for sustained energy during workouts?",muscle_building
"How do I eat to maximize muscle repair after heavy training sessions?",muscle_building
"What are the benefits of eating multiple small meals for bodybuilding?",muscle_building
"How do I prepare meals ahead of time for a consistent diet?",muscle_building
"Should I track macronutrients to optimize muscle-building results?",muscle_building
"Can I build muscle without following a strict diet?",muscle_building
"Are there specific foods to avoid while bulking?",muscle_building
"What are the best high-protein breakfast options for muscle growth?",muscle_building
"How do I plan meals to meet my daily calorie goals?",muscle_building
"How does eating enough carbs impact my ability to gain muscle?",muscle_building
"What’s the role of dairy in a muscle-building diet?",muscle_building
"Should I consume protein immediately after waking up?",muscle_building
"What are the best late-night snacks for muscle recovery?",muscle_building
"How do I ensure my diet is balanced while eating for muscle growth?",muscle_building
"Are there specific fruits that are better for muscle recovery?",muscle_building
"What’s the best way to prepare chicken or fish for muscle building?",muscle_building
"What are the best high-protein foods for building muscle?",muscle_building
"How do I create a meal plan for lean bulking?",muscle_building
"How much protein do I need per day for muscle growth?",muscle_building
"What are the best foods to eat during a bulking phase?",muscle_building
"Should I include healthy fats in a muscle-building diet?",muscle_building
"How do I balance protein, carbs, and fats for optimal gains?",muscle_building
"Are supplements like whey protein necessary for bodybuilding?",muscle_building
"What’s the role of creatine in muscle-building diets?",muscle_building
"How do I maintain a calorie surplus without gaining fat?",muscle_building
"Should I eat more carbs on workout days?",muscle_building
"What are the best pre-workout snacks for sustained energy?",muscle_building
"How do I prepare meals for a consistent bulking diet?",muscle_building
"Can I build muscle while eating a vegetarian diet?",muscle_building
"What’s the ideal protein intake for advanced lifters?",muscle_building
"How do I calculate my calorie needs for lean muscle growth?",muscle_building
"What are the best post-workout meals for muscle recovery?",muscle_building
"Should I eat before or after my workout for better results?",muscle_building
"How do I choose between whey protein and casein protein?",muscle_building
"Are cheat meals acceptable during a lean bulking phase?",muscle_building
"How do I incorporate more protein into my diet without supplements?",muscle_building
"Can I build muscle with a low-carb diet?",muscle_building
"What are the benefits of whole foods versus supplements for muscle building?",muscle_building
"How do I track macronutrients during a bulking phase?",muscle_building
"What are the best protein sources for a plant-based bodybuilding diet?",muscle_building
"What are the top foods to avoid when trying to gain lean muscle?",muscle_building
"How important is meal timing for muscle growth?",muscle_building
"What are the benefits of using BCAAs during workouts?",muscle_building
"Should I consume protein immediately after waking up?",muscle_building
"How can I prepare high-protein snacks for on-the-go eating?",muscle_building
"How do I create a grocery list for a muscle-building diet?",muscle_building
"What are the best high-protein breakfast options for bodybuilders?",muscle_building
"Are meal replacement shakes effective for bulking?",muscle_building
"What’s the role of omega-3 fatty acids in muscle recovery?",muscle_building
"How do I plan meals around my training schedule?",muscle_building
"What’s the ideal protein-to-carb ratio for post-workout meals?",muscle_building
"How much water should I drink daily to support muscle growth?",muscle_building
"Are protein bars a good option for increasing protein intake?",muscle_building
"Should I use a mass gainer supplement for bulking?",muscle_building
"How can I balance eating enough calories without overeating unhealthy foods?",muscle_building
"What are the best foods for repairing muscles after a workout?",muscle_building
"Should I include dairy products in my muscle-building diet?",muscle_building
"What’s the importance of fiber in a high-protein diet?",muscle_building
"How do I avoid bloating on a high-protein diet?",muscle_building
"Can intermittent fasting be effective for muscle building?",muscle_building
"What’s the best way to meal prep for a busy bodybuilding schedule?",muscle_building
"Are there specific fruits and vegetables that support muscle recovery?",muscle_building
"What are the most cost-effective protein sources for bulking?",muscle_building
"Can I build muscle while eating out at restaurants frequently?",muscle_building
"How do I maintain a balanced diet during a cutting phase?",muscle_building
"What’s the role of zinc and magnesium in muscle-building diets?",muscle_building
"Are fast-digesting carbs important for post-workout recovery?",muscle_building
"What’s the best way to increase my calorie intake for bulking?",muscle_building
"Should I use creatine or protein powder for muscle gains?",muscle_building
"What are the best lean protein sources for a clean bulk?",muscle_building
"How do I prevent muscle loss during a calorie deficit?",muscle_building
"Should I eat more on training days compared to rest days?",muscle_building
"What’s the best way to avoid gaining fat during bulking?",muscle_building
"How can I include high-protein vegetarian meals in my diet?",muscle_building
"What are the benefits of slow-digesting carbs before bed?",muscle_building
"How do I use supplements like glutamine for muscle recovery?",muscle_building
"What are the best low-fat protein options for a lean bulk?",muscle_building
"How do I plan a high-protein diet on a budget?",muscle_building
"Should I eat immediately after a workout for muscle repair?",muscle_building
"What’s the role of electrolytes in a muscle-building diet?",muscle_building
"How do I manage food cravings during a bulking phase?",muscle_building
"What’s the difference between fast and slow-digesting proteins?",muscle_building
"How do I adjust my diet as I transition from bulking to cutting?",muscle_building
"Should I consume protein shakes during cardio days?",muscle_building
"What are the best food sources of creatine?",muscle_building
"How can I optimize my diet to maximize strength gains?",muscle_building
"What’s the role of protein timing in muscle growth?",muscle_building
"What are the best carbohydrate sources for muscle-building diets?",muscle_building
"How do I incorporate nuts and seeds into a bodybuilding diet?",muscle_building
"Should I eat smaller meals more frequently for muscle growth?",muscle_building
"What’s the best way to track progress on a bulking diet?",muscle_building
"Are eggs the best protein source for muscle building?",muscle_building
"How do I ensure I’m eating enough calories to support intense training?",muscle_building
"What’s the role of pre-workout supplements in energy and performance?",muscle_building
"What are the best foods to include in a lean bulking diet?",muscle_building
"How do I calculate my daily calorie needs for muscle growth?",muscle_building
"What are the top high-protein snacks for muscle building?",muscle_building
"Should I use protein powder, or are whole foods better for muscle growth?",muscle_building
"How do I create a balanced meal plan for bodybuilding?",muscle_building
"Is creatine necessary for maximizing muscle gains?",muscle_building
"What are the healthiest carb sources for bulking?",muscle_building
"How much protein should I consume per meal to build muscle effectively?",muscle_building
"What are the best supplements to take during a bulking phase?",muscle_building
"Should I eat more carbs or fats for lean muscle building?",muscle_building
"How do I avoid gaining fat while increasing my calorie intake?",muscle_building
"What are the best pre-workout meals for sustained energy?",muscle_building
"How do I adjust my diet for training and rest days?",muscle_building
"Are protein shakes necessary for muscle recovery?",muscle_building
"What’s the importance of meal timing for muscle growth?",muscle_building
"Can I build muscle on a vegan diet?",muscle_building
"What are the best high-protein breakfast options for bodybuilders?",muscle_building
"Should I include cheat meals in my muscle-building diet?",muscle_building
"How do I increase calorie intake without eating unhealthy foods?",muscle_building
"What’s the role of omega-3 fatty acids in muscle recovery?",muscle_building
"How do I prepare meals for a consistent high-protein diet?",muscle_building
"Are there specific fruits and vegetables that help with muscle recovery?",muscle_building
"What’s the best way to incorporate nuts and seeds into my diet?",muscle_building
"Should I eat more protein on training days?",muscle_building
"What are the benefits of slow-digesting carbs for muscle building?",muscle_building
"What’s the best way to plan a lean bulking meal prep?",muscle_building
"Should I take a multivitamin to support my muscle-building goals?",muscle_building
"What’s the difference between fast-digesting and slow-digesting proteins?",muscle_building
"How do I structure meals to maximize post-workout recovery?",muscle_building
"Are there specific foods I should avoid during bulking?",muscle_building
"How can I balance protein intake with overall nutrition for muscle growth?",muscle_building
"Should I use mass gainer supplements for faster bulking?",muscle_building
"What’s the role of hydration in supporting muscle growth?",muscle_building
"What are the best dairy-based protein sources for bodybuilders?",muscle_building
"How do I create a meal plan to balance bulking and cutting phases?",muscle_building
"What are the benefits of eating multiple small meals during the day?",muscle_building
"Should I include protein bars in my diet for convenience?",muscle_building
"Can I gain muscle while eating a low-carb diet?",muscle_building
"What are the best ways to incorporate eggs into my bodybuilding diet?",muscle_building
"How do I plan a high-protein diet on a budget?",muscle_building
"What are the most affordable protein-rich foods for muscle building?",muscle_building
"How do I avoid bloating while consuming a high-protein diet?",muscle_building
"Should I include fast-digesting carbs after workouts?",muscle_building
"How do I transition from a bulking phase to a cutting phase?",muscle_building
"Should I consume protein immediately before bed to support muscle recovery?",muscle_building
"What’s the best protein-to-carb ratio for pre- and post-workout meals?",muscle_building
"How can I prevent muscle loss during a calorie deficit?",muscle_building
"Should I rely on protein powders for most of my daily intake?",muscle_building
"What are the best supplements for muscle recovery?",muscle_building
"What’s the role of glutamine in muscle-building diets?",muscle_building
"How do I incorporate healthy fats into a bodybuilding meal plan?",muscle_building
"How do I plan meals to hit my daily calorie surplus target?",muscle_building
"What are the best foods for maintaining lean muscle during cutting?",muscle_building
"How do I balance calorie intake with avoiding excess body fat?",muscle_building
"Are cheat days okay during a clean bulking phase?",muscle_building
"Should I eat immediately after a workout to support muscle repair?",muscle_building
"How much water should I drink daily for optimal muscle hydration?",muscle_building
"Can I build muscle while eating fast food occasionally?",muscle_building
"Are meal replacement shakes effective for gaining muscle?",muscle_building
"Should I include fiber-rich foods in my muscle-building diet?",muscle_building
"How can I optimize my diet for consistent strength gains?",muscle_building
"What’s the importance of zinc and magnesium in a muscle-building diet?",muscle_building
"How can I manage food cravings during a bulking phase?",muscle_building
"What are the best protein-rich options for a vegetarian diet?",muscle_building
"Should I include supplements like BCAAs during intense training?",muscle_building
"What are the best carbohydrate sources for sustained energy?",muscle_building
"How do I track my macros for a successful lean bulk?",muscle_building
"Are cheat meals harmful for long-term muscle-building goals?",muscle_building
"How can I prepare protein-packed meals for a busy schedule?",muscle_building
"What’s the importance of vitamin D in muscle-building diets?",muscle_building
"How can I avoid overeating while maintaining a calorie surplus?",muscle_building
"What are the best late-night snacks for muscle growth?",muscle_building
"Should I eat more protein on rest days?",muscle_building
"What’s the role of electrolytes in preventing dehydration during workouts?",muscle_building
